model,clustering,ARI,NMI,Silhouette,NoisePoints
ResNet50,KMeans,0.5898099800103189,0.6324971980213828,0.11796038,0
ResNet50,HDBSCAN,0.014124894278754081,0.17217202925448505,0.61622643,24308
